Post Date,Description,Amount,Account
03/01/2026,Lantern Labs Payroll,3120.00,Everyday Checking
03/02/2026,Summit Ridge Apartments,-1650.00,Everyday Checking
03/05/2026,Northwind Grocers,"-118.42",Everyday Checking
03/08/2026,Lumen Energy Co-op,"-$104.19",Everyday Checking
03/12/2026,Blue Harbor Cafe,(18.50),Everyday Checking
03/14/2026,Fable Coffee Roasters,-6.25,Everyday Checking
03/18/2026,Grandview Transit Pass,-96.00,Everyday Checking
03/05/2026,Northwind Grocers,-118.42,Everyday Checking
03/20/2026,,-10.00,Everyday Checking
